vehicle_idx,vehicle_code,n_customers,distance_km,fixed_cost_omega_k,load_weight_kg,cap_weight_kg,load_volume_m3,cap_volume_m3,customer_sequence
0,J92-T-826,7,38.296766680384366,500.0,909.3701534999999,1058.0,3.1255279999999996,3.15,1346 -> 15251 -> 138089 -> 142817 -> 136088 -> 139007 -> 15026
1,A69-O-649,25,88.31336338808596,500.0,1096.809773,1216.0,3.783764,4.0,1487 -> 136297 -> 141004 -> 140975 -> 760 -> 143063 -> 136525 -> 1173 -> 1709 -> 7572 -> 138579 -> 923163 -> 136174 -> 139984 -> 587 -> 740 -> 135890 -> 920118 -> 923731 -> 921607 -> 136885 -> 360 -> 1886 -> 136298 -> 1805
2,875-M-523,15,116.28954400245544,500.0,2655.348328,12509.0,12.79014,20.84,923033 -> 990 -> 10825 -> 137731 -> 144285 -> 1973 -> 1619 -> 143271 -> 921561 -> 141516 -> 307 -> 920497 -> 15209 -> 742 -> 131246
3,O76-T-703,0,0.0,0.0,0.0,7271.0,0.0,15.5,
4,O76-T-702,18,187.31091091666426,500.0,1866.2364455,7271.0,6.114112,15.5,15202 -> 142873 -> 142832 -> 1031 -> 138643 -> 923922 -> 138642 -> 920120 -> 920105 -> 922087 -> 139709 -> 923132 -> 139814 -> 923817 -> 136524 -> 352 -> 133537 -> 921969
5,A08-J-522,20,239.67753755882924,500.0,1340.3033799999998,2062.0,5.42924,5.5,131242 -> 921523 -> 15252 -> 9 -> 139927 -> 137663 -> 922636 -> 920241 -> 921090 -> 137599 -> 138929 -> 920532 -> 10564 -> 924068 -> 137380 -> 1007 -> 144810 -> 145260 -> 140883 -> 1078
6,O78-K-074,11,40.91998387795036,500.0,833.32958,2062.0,3.0297039999999997,5.0,7525 -> 15253 -> 133290 -> 15249 -> 15020 -> 15328 -> 15021 -> 138315 -> 15250 -> 142634 -> 15206
7,T14-E-264,23,214.5398457671679,500.0,1105.4328859999998,1754.0,3.560576000000001,8.02,15247 -> 137634 -> 1938 -> 139925 -> 586 -> 144284 -> 137667 -> 140114 -> 921615 -> 923634 -> 320 -> 139129 -> 7585 -> 138343 -> 921453 -> 920284 -> 137662 -> 141650 -> 992 -> 920208 -> 920597 -> 15189 -> 1080
