vehicle_idx,vehicle_code,n_customers,distance_km,fixed_cost_omega_k,load_weight_kg,cap_weight_kg,load_volume_m3,cap_volume_m3,customer_sequence
0,J92-T-826,33,253.5367713008461,500.0,899.912819,1058.0,3.143964,3.15,742 -> 140048 -> 7552 -> 969 -> 920497 -> 131251 -> 1149 -> 921561 -> 132531 -> 137634 -> 1892 -> 920968 -> 1564 -> 990 -> 921336 -> 921003 -> 131247 -> 922014 -> 923737 -> 142687 -> 1664 -> 922656 -> 15308 -> 138131 -> 922137 -> 15031 -> 131280 -> 131279 -> 921194 -> 921195 -> 142318 -> 140062 -> 838
1,A69-O-649,0,0.0,0.0,0.0,1216.0,0.0,4.0,
2,875-M-523,28,228.67737246809253,500.0,3006.580113,12509.0,13.646360000000001,20.84,15209 -> 131252 -> 1075 -> 136683 -> 1077 -> 922995 -> 139459 -> 922045 -> 144593 -> 920420 -> 1097 -> 15362 -> 1072 -> 922513 -> 920233 -> 15210 -> 923170 -> 923275 -> 136677 -> 922169 -> 1408 -> 10825 -> 137637 -> 923845 -> 136347 -> 1648 -> 1405 -> 938
3,O76-T-703,17,375.16789153648483,500.0,2952.5251200000002,7271.0,13.768979999999999,15.5,168 -> 131752 -> 15161 -> 1657 -> 139381 -> 7896 -> 131820 -> 922111 -> 131250 -> 587 -> 136174 -> 923163 -> 142015 -> 307 -> 920631 -> 1065 -> 1071
4,O76-T-702,0,0.0,0.0,0.0,7271.0,0.0,15.5,
5,A08-J-522,0,0.0,0.0,0.0,2062.0,0.0,5.5,
6,O78-K-074,0,0.0,0.0,0.0,2062.0,0.0,5.0,
7,T14-E-264,0,0.0,0.0,0.0,1754.0,0.0,8.02,
