vehicle_idx,vehicle_code,n_customers,distance_km,fixed_cost_omega_k,load_weight_kg,cap_weight_kg,load_volume_m3,cap_volume_m3,customer_sequence
0,J92-T-826,22,122.39207701368811,500.0,809.1968864999999,1058.0,3.146084,3.15,414 -> 7935 -> 921127 -> 922910 -> 7945 -> 593 -> 145094 -> 1118 -> 871 -> 1112 -> 131469 -> 922197 -> 138097 -> 923591 -> 138088 -> 138199 -> 15328 -> 882 -> 144863 -> 131247 -> 1186 -> 1805
1,A69-O-649,0,0.0,0.0,0.0,1216.0,0.0,4.0,
2,875-M-523,0,0.0,0.0,0.0,12509.0,0.0,20.84,
3,O76-T-703,22,141.64804768556127,500.0,1993.893951,7271.0,15.332488,15.5,1747 -> 143115 -> 15076 -> 454 -> 921824 -> 606 -> 15323 -> 139148 -> 1654 -> 920704 -> 478 -> 204 -> 131332 -> 1665 -> 137381 -> 141727 -> 922098 -> 10538 -> 27 -> 145214 -> 923590 -> 131459
4,O76-T-702,25,107.47741133626899,500.0,2831.4917875,7271.0,12.988024,15.5,141675 -> 744 -> 7552 -> 923589 -> 1760 -> 131460 -> 1016 -> 15027 -> 15203 -> 1676 -> 136942 -> 144561 -> 141548 -> 134513 -> 137670 -> 738 -> 136700 -> 739 -> 7634 -> 131250 -> 1243 -> 921709 -> 142817 -> 921302 -> 1644
5,A08-J-522,0,0.0,0.0,0.0,2062.0,0.0,5.5,
6,O78-K-074,26,150.5941465986819,500.0,1084.7763805,2062.0,4.1306080000000005,5.0,139214 -> 1998 -> 923927 -> 138116 -> 142115 -> 133893 -> 142854 -> 7959 -> 131334 -> 131337 -> 139545 -> 922911 -> 133688 -> 133703 -> 326 -> 923700 -> 131511 -> 10825 -> 15208 -> 139661 -> 131249 -> 145259 -> 132531 -> 922327 -> 1193 -> 1078
7,T14-E-264,29,148.57798288529582,500.0,1466.591185,1754.0,7.9516040000000014,8.02,1387 -> 26 -> 15030 -> 921035 -> 2038 -> 7521 -> 1518 -> 921733 -> 139187 -> 1178 -> 920697 -> 7930 -> 2198 -> 139168 -> 1439 -> 138096 -> 1539 -> 144321 -> 7522 -> 921003 -> 1408 -> 921336 -> 1199 -> 922265 -> 136504 -> 131248 -> 138087 -> 923142 -> 145229
