vehicle_idx,vehicle_code,n_customers,distance_km,fixed_cost_omega_k,load_weight_kg,cap_weight_kg,load_volume_m3,cap_volume_m3,customer_sequence
0,J92-T-826,28,87.3711329778624,5000.0,932.334797,1058.0,3.081468,3.15,145229 -> 7552 -> 923589 -> 1760 -> 131460 -> 1112 -> 15027 -> 1676 -> 15203 -> 871 -> 1118 -> 739 -> 131250 -> 1243 -> 1439 -> 138097 -> 923591 -> 142817 -> 144321 -> 1539 -> 921336 -> 1199 -> 1408 -> 921003 -> 144863 -> 131247 -> 1186 -> 1193
1,A69-O-649,0,0.0,0.0,0.0,1216.0,0.0,4.0,
2,875-M-523,0,0.0,0.0,0.0,12509.0,0.0,20.84,
3,O76-T-703,25,146.9759792639137,5000.0,1946.1965935,7271.0,14.926212,15.5,1387 -> 15076 -> 454 -> 921824 -> 606 -> 15323 -> 139148 -> 1654 -> 920704 -> 478 -> 133893 -> 1665 -> 137381 -> 141727 -> 142854 -> 7959 -> 922098 -> 10538 -> 923142 -> 136504 -> 922265 -> 27 -> 145214 -> 923590 -> 131459
4,O76-T-702,18,100.08022478424935,5000.0,2145.8514535000004,7271.0,12.143135999999998,15.5,414 -> 138096 -> 1644 -> 7634 -> 139168 -> 145094 -> 136700 -> 738 -> 137670 -> 134513 -> 141548 -> 144561 -> 136942 -> 131469 -> 1016 -> 922197 -> 744 -> 1078
5,A08-J-522,11,53.22906439696659,5000.0,727.638964,2062.0,2.308936,5.5,1747 -> 139187 -> 143115 -> 921733 -> 1518 -> 7521 -> 2038 -> 921035 -> 15030 -> 26 -> 141675
6,O78-K-074,25,154.31503181020307,5000.0,959.7140245,2062.0,3.614248,5.0,139214 -> 1998 -> 923927 -> 138116 -> 142115 -> 131332 -> 131334 -> 204 -> 131337 -> 139545 -> 922911 -> 133688 -> 133703 -> 138087 -> 131248 -> 326 -> 923700 -> 131511 -> 10825 -> 15208 -> 131249 -> 145259 -> 138088 -> 921709 -> 922327
7,T14-E-264,17,112.2358374250465,5000.0,1474.214358,1754.0,7.474808,8.02,138199 -> 15328 -> 882 -> 7522 -> 921302 -> 139661 -> 132531 -> 7935 -> 921127 -> 922910 -> 7945 -> 593 -> 2198 -> 7930 -> 920697 -> 1178 -> 1805
