agent,best_objective_fx,best_penalties,best_penalized,friend_imports,friend_improvements
genetic,41551.48898315202,680.414553536709,42231.903536688726,0.0,0.0
annealing,30655.500137357583,0.0,30655.500137357583,0.0,0.0
tabu,30654.20727065824,0.0,30654.20727065824,2.0,1.0
global_best,30654.20727065824,0.0,30654.20727065824,,
