vehicle_idx,vehicle_code,n_customers,distance_km,fixed_cost_omega_k,load_weight_kg,cap_weight_kg,load_volume_m3,cap_volume_m3,customer_sequence
0,J92-T-826,10,43.320836051483354,5000.0,993.8514,1058.0,2.2790280000000003,3.15,1684 -> 15251 -> 15328 -> 15249 -> 921003 -> 921336 -> 139007 -> 131768 -> 15204 -> 15206
1,A69-O-649,0,0.0,0.0,0.0,1216.0,0.0,3.15,
2,875-M-523,15,97.24239984923155,5000.0,2050.501,12509.0,12.833999999999998,20.84,921302 -> 923590 -> 142857 -> 144394 -> 1118 -> 921932 -> 142179 -> 136700 -> 738 -> 134513 -> 141548 -> 923589 -> 142542 -> 141028 -> 1078
3,O76-T-703,18,140.57652209518565,5000.0,1964.3425,7271.0,11.227784,15.5,15250 -> 922773 -> 1892 -> 15208 -> 1408 -> 922121 -> 15253 -> 27 -> 136403 -> 139542 -> 1651 -> 134143 -> 921042 -> 204 -> 168 -> 144631 -> 144680 -> 140493
4,O76-T-702,21,120.08267953716889,5000.0,871.4101909999999,7271.0,5.156064000000001,15.5,145171 -> 2038 -> 7521 -> 454 -> 921824 -> 138650 -> 140023 -> 143115 -> 139187 -> 922805 -> 1016 -> 138277 -> 15027 -> 920300 -> 136942 -> 144561 -> 1676 -> 871 -> 742 -> 740 -> 145229
5,A08-J-522,26,204.86393866806506,5000.0,1040.45798,2062.0,5.144608,5.5,15207 -> 922557 -> 1644 -> 142677 -> 7935 -> 921127 -> 922910 -> 7945 -> 532 -> 144835 -> 739 -> 131336 -> 923951 -> 10538 -> 7959 -> 15221 -> 141727 -> 137381 -> 1665 -> 923762 -> 478 -> 131335 -> 921035 -> 131470 -> 1687 -> 1387
6,O78-K-074,25,116.84511973618555,5000.0,858.2036250000001,2062.0,4.000624,5.0,743 -> 744 -> 15209 -> 922075 -> 15203 -> 133394 -> 138157 -> 7930 -> 15252 -> 137635 -> 135579 -> 921675 -> 920968 -> 140401 -> 131511 -> 135717 -> 923700 -> 10821 -> 922636 -> 921663 -> 131248 -> 138087 -> 133703 -> 133688 -> 922202
