agent,best_objective_fx,best_penalties,best_penalized,enemy_imports,enemy_improvements
genetic,4681.798000488567,145.53627840555015,4827.334278894117,0.0,0.0
annealing,3722.93149593732,0.0,3722.93149593732,0.0,0.0
tabu,4366.190751259715,0.0,4366.190751259715,2.0,0.0
global_best,3722.93149593732,0.0,3722.93149593732,,
