vehicle_idx,vehicle_code,n_customers,distance_km,fixed_cost_omega_k,load_weight_kg,cap_weight_kg,load_volume_m3,cap_volume_m3,customer_sequence
0,J92-T-826,0,0.0,0.0,0.0,1058.0,0.0,3.15,
1,A69-O-649,24,143.91283143540466,500.0,719.17725,1216.0,3.4403360000000003,4.0,1199 -> 10825 -> 131511 -> 923700 -> 133703 -> 138087 -> 131248 -> 10821 -> 133834 -> 7935 -> 921127 -> 922910 -> 7945 -> 7930 -> 138157 -> 133394 -> 738 -> 137670 -> 1862 -> 134513 -> 131297 -> 141548 -> 923589 -> 1686
2,875-M-523,0,0.0,0.0,0.0,12509.0,0.0,20.84,
3,O76-T-703,18,91.62549393461612,500.0,2629.5835439999996,7271.0,10.626736,15.5,1539 -> 15208 -> 1408 -> 921302 -> 1892 -> 922863 -> 1644 -> 920812 -> 7634 -> 139168 -> 921561 -> 7929 -> 1587 -> 1118 -> 1676 -> 144561 -> 922197 -> 1805
4,O76-T-702,21,197.44689114689953,500.0,1753.83,7271.0,7.30248,15.5,131460 -> 921932 -> 142179 -> 15203 -> 136942 -> 920300 -> 15027 -> 1016 -> 922805 -> 143115 -> 140023 -> 138650 -> 454 -> 478 -> 142110 -> 922911 -> 15221 -> 137381 -> 15323 -> 921035 -> 2038
5,A08-J-522,28,158.8642529240228,500.0,1669.56617,2062.0,5.394252,5.5,1387 -> 26 -> 15030 -> 923709 -> 139379 -> 7521 -> 1518 -> 1717 -> 144680 -> 1934 -> 920704 -> 131334 -> 140167 -> 1665 -> 7959 -> 10538 -> 131336 -> 145229 -> 921003 -> 140751 -> 920968 -> 132531 -> 131250 -> 137635 -> 142995 -> 922387 -> 921276 -> 923590
6,O78-K-074,0,0.0,0.0,0.0,2062.0,0.0,5.0,
