vehicle_idx,vehicle_code,n_customers,distance_km,fixed_cost_omega_k,load_weight_kg,cap_weight_kg,load_volume_m3,cap_volume_m3,customer_sequence
0,J92-T-826,0,0.0,0.0,0.0,1058.0,0.0,3.15,
1,A69-O-649,19,132.47102910749524,5000.0,588.9248,1216.0,3.019968,4.0,145229 -> 141548 -> 131297 -> 134513 -> 1862 -> 137670 -> 738 -> 7945 -> 922910 -> 921127 -> 7935 -> 133834 -> 10821 -> 131248 -> 923700 -> 131511 -> 10825 -> 15208 -> 1539
2,875-M-523,25,164.01591265612873,5000.0,2371.68242,12509.0,8.890924,20.84,1387 -> 26 -> 2038 -> 7521 -> 139379 -> 923709 -> 143115 -> 140023 -> 138650 -> 454 -> 15323 -> 1934 -> 920704 -> 478 -> 1665 -> 15221 -> 7959 -> 140167 -> 131334 -> 142110 -> 922911 -> 133703 -> 138087 -> 921276 -> 923590
3,O76-T-703,14,88.10432462814052,5000.0,1685.4107439999998,7271.0,6.965296,15.5,922387 -> 922863 -> 1644 -> 137635 -> 139168 -> 7929 -> 1118 -> 921932 -> 142179 -> 144561 -> 136942 -> 920300 -> 922197 -> 1805
4,O76-T-702,22,187.08197000848477,5000.0,1070.3780000000002,7271.0,3.671,15.5,131250 -> 920812 -> 7634 -> 921561 -> 7930 -> 138157 -> 133394 -> 1587 -> 1676 -> 15203 -> 15027 -> 1016 -> 922805 -> 131460 -> 923589 -> 131336 -> 10538 -> 137381 -> 144680 -> 1717 -> 1518 -> 921035
5,A08-J-522,11,89.00084410592368,5000.0,1055.761,2062.0,4.216616,5.5,132531 -> 142995 -> 1892 -> 920968 -> 140751 -> 921302 -> 1199 -> 1408 -> 921003 -> 15030 -> 1686
6,O78-K-074,0,0.0,0.0,0.0,2062.0,0.0,5.0,
