agent,best_objective_fx,best_penalties,best_penalized,friend_imports,friend_improvements
genetic,36233.23522644859,17.43706913794401,36250.67229558653,0.0,0.0
annealing,25660.674080506175,0.0,25660.674080506175,1.0,0.0
tabu,25661.506854107956,0.0,25661.506854107956,2.0,1.0
global_best,25660.674080506175,0.0,25660.674080506175,,
