vehicle_idx,vehicle_code,n_customers,distance_km,fixed_cost_omega_k,load_weight_kg,cap_weight_kg,load_volume_m3,cap_volume_m3,customer_sequence
0,J92-T-826,0,0.0,0.0,0.0,1058.0,0.0,3.15,
1,A69-O-649,0,0.0,0.0,0.0,1216.0,0.0,4.0,
2,875-M-523,38,218.1451114001151,5000.0,2456.087403,12509.0,10.70546,20.84,136297 -> 26 -> 143115 -> 140023 -> 2038 -> 7521 -> 131332 -> 921042 -> 1665 -> 137381 -> 141727 -> 15221 -> 143559 -> 131334 -> 131337 -> 142110 -> 7959 -> 923951 -> 923142 -> 131511 -> 15253 -> 131247 -> 921872 -> 923124 -> 131249 -> 1644 -> 139168 -> 7935 -> 921231 -> 921127 -> 922910 -> 7945 -> 136510 -> 593 -> 923716 -> 921932 -> 923589 -> 145160
3,O76-T-703,31,229.0648656054598,5000.0,3503.635188,7271.0,22.808912,15.5,1387 -> 139187 -> 144439 -> 1934 -> 478 -> 133893 -> 138142 -> 10538 -> 922911 -> 1998 -> 922075 -> 15203 -> 15027 -> 131469 -> 137670 -> 738 -> 133395 -> 1118 -> 7634 -> 132462 -> 923322 -> 131768 -> 15208 -> 921302 -> 135717 -> 923700 -> 922636 -> 131248 -> 138087 -> 1408 -> 923590
4,O76-T-702,0,0.0,0.0,0.0,7271.0,0.0,15.5,
5,A08-J-522,0,0.0,0.0,0.0,2062.0,0.0,5.5,
6,O78-K-074,0,0.0,0.0,0.0,2062.0,0.0,5.0,
7,T14-E-264,38,189.24487167445244,5000.0,1791.3843779999997,1754.0,8.917996,8.02,922957 -> 139432 -> 921003 -> 921336 -> 10825 -> 140401 -> 920968 -> 922327 -> 1425 -> 132531 -> 142995 -> 1439 -> 131250 -> 739 -> 7930 -> 138157 -> 133394 -> 1676 -> 144561 -> 1016 -> 922805 -> 922197 -> 922334 -> 145171 -> 136836 -> 921035 -> 922451 -> 921733 -> 15076 -> 138650 -> 454 -> 606 -> 144680 -> 1654 -> 923762 -> 131336 -> 1805 -> 145229
