vehicle_idx,vehicle_code,n_customers,distance_km,fixed_cost_omega_k,load_weight_kg,cap_weight_kg,load_volume_m3,cap_volume_m3,customer_sequence
0,J92-T-826,0,0.0,0.0,0.0,1058.0,0.0,3.15,
1,A69-O-649,24,128.09672643277463,5000.0,989.21225,1216.0,3.9076720000000003,4.0,145229 -> 921003 -> 1408 -> 1199 -> 921276 -> 1892 -> 10825 -> 131511 -> 923700 -> 133703 -> 138087 -> 131248 -> 10821 -> 133834 -> 7935 -> 921127 -> 922910 -> 7945 -> 738 -> 142179 -> 15027 -> 922805 -> 923589 -> 1686
2,875-M-523,0,0.0,0.0,0.0,12509.0,0.0,20.84,
3,O76-T-703,24,122.71179097666561,5000.0,1913.3097440000001,7271.0,8.04398,15.5,921302 -> 922387 -> 922863 -> 131250 -> 137635 -> 920812 -> 7634 -> 139168 -> 7930 -> 138157 -> 133394 -> 7929 -> 1118 -> 1587 -> 922197 -> 131460 -> 1676 -> 144561 -> 141548 -> 137670 -> 1862 -> 134513 -> 131297 -> 136942
4,O76-T-702,18,201.04537550819163,5000.0,2598.561,7271.0,10.3345,15.5,2038 -> 7521 -> 138650 -> 454 -> 15323 -> 140167 -> 131334 -> 142110 -> 922911 -> 131336 -> 1805 -> 1016 -> 920300 -> 15203 -> 921932 -> 921561 -> 1644 -> 923590
5,A08-J-522,25,148.826387630832,5000.0,1271.0739700000001,2062.0,4.477652,5.5,132531 -> 142995 -> 1539 -> 15208 -> 920968 -> 140751 -> 10538 -> 7959 -> 15221 -> 137381 -> 1665 -> 478 -> 920704 -> 1934 -> 144680 -> 1717 -> 143115 -> 140023 -> 15030 -> 921035 -> 1518 -> 139379 -> 923709 -> 26 -> 1387
6,O78-K-074,0,0.0,0.0,0.0,2062.0,0.0,5.0,
