vehicle_idx,vehicle_code,n_customers,distance_km,fixed_cost_omega_k,load_weight_kg,cap_weight_kg,load_volume_m3,cap_volume_m3,customer_sequence
0,J92-T-826,0,0.0,0.0,0.0,1058.0,0.0,3.15,
1,A69-O-649,17,207.96493585148363,500.0,598.666938,1216.0,2.731924,2.8,15206 -> 137635 -> 137633 -> 136150 -> 137667 -> 923634 -> 320 -> 137662 -> 136151 -> 131742 -> 920208 -> 739 -> 1886 -> 136885 -> 923731 -> 138540 -> 1078
2,E81-M-661,16,59.897713684373635,500.0,1204.4319500000001,3485.0,4.295068,4.9,15202 -> 921872 -> 15251 -> 15204 -> 138089 -> 135887 -> 131242 -> 136298 -> 136886 -> 135889 -> 740 -> 742 -> 143349 -> 139984 -> 743 -> 7525
3,875-M-523,18,65.69227594362407,500.0,1249.93579,12509.0,5.324052,14.84,15026 -> 15121 -> 494 -> 760 -> 139709 -> 139822 -> 922848 -> 923132 -> 136707 -> 922888 -> 921560 -> 140975 -> 15028 -> 1173 -> 239 -> 131466 -> 7572 -> 1487
4,O76-T-703,15,47.41894956422834,500.0,1894.4431280000001,7271.0,8.723064,10.5,15250 -> 15247 -> 883 -> 139007 -> 7779 -> 137731 -> 921301 -> 15253 -> 921003 -> 7522 -> 133290 -> 15249 -> 882 -> 15328 -> 922327
5,O76-T-702,14,164.03560876534007,500.0,1328.8270000000002,7271.0,6.329828,10.5,131246 -> 140812 -> 920120 -> 920532 -> 957 -> 138929 -> 1007 -> 131267 -> 1031 -> 921090 -> 145260 -> 137176 -> 131269 -> 1805
6,A08-J-522,10,96.15162622338676,500.0,473.5400499999999,2062.0,1.9756799999999997,4.683,15207 -> 133291 -> 775 -> 131472 -> 137663 -> 1938 -> 143907 -> 139168 -> 7634 -> 15205
