vehicle_idx,vehicle_code,n_customers,distance_km,fixed_cost_omega_k,load_weight_kg,cap_weight_kg,load_volume_m3,cap_volume_m3,customer_sequence
0,J92-T-826,0,0.0,0.0,0.0,1058.0,0.0,3.15,
1,A69-O-649,0,0.0,0.0,0.0,1216.0,0.0,4.0,
2,875-M-523,0,0.0,0.0,0.0,12509.0,0.0,20.84,
3,O76-T-703,39,327.82992951542917,5000.0,4597.414546000001,7271.0,20.057524,15.5,1408 -> 990 -> 137634 -> 1892 -> 131250 -> 921561 -> 7552 -> 920497 -> 969 -> 920420 -> 144593 -> 139459 -> 922995 -> 1075 -> 136683 -> 1077 -> 1065 -> 1097 -> 1072 -> 922513 -> 920233 -> 15210 -> 1071 -> 307 -> 131252 -> 923163 -> 140048 -> 922014 -> 10825 -> 137637 -> 923845 -> 1648 -> 136347 -> 7896 -> 131820 -> 923737 -> 15161 -> 1657 -> 1405
4,O76-T-702,0,0.0,0.0,0.0,7271.0,0.0,15.5,
5,A08-J-522,0,0.0,0.0,0.0,2062.0,0.0,5.5,
6,O78-K-074,0,0.0,0.0,0.0,2062.0,0.0,5.0,
7,T14-E-264,39,315.28619588899693,5000.0,2261.6035060000004,1754.0,10.501779999999998,8.02,132531 -> 922111 -> 920968 -> 1564 -> 921336 -> 921003 -> 131247 -> 587 -> 742 -> 136174 -> 142015 -> 15209 -> 1149 -> 920631 -> 131251 -> 922169 -> 923275 -> 923170 -> 922045 -> 15362 -> 136677 -> 140062 -> 838 -> 139381 -> 922137 -> 138131 -> 921194 -> 922656 -> 15308 -> 1664 -> 142687 -> 131280 -> 131279 -> 15031 -> 131752 -> 921195 -> 142318 -> 168 -> 938
