vehicle_idx,vehicle_code,n_customers,distance_km,fixed_cost_omega_k,load_weight_kg,cap_weight_kg,load_volume_m3,cap_volume_m3,customer_sequence
0,J92-T-826,0,0.0,0.0,0.0,1058.0,0.0,3.15,
1,A69-O-649,10,49.88153354862111,500.0,416.397384,1216.0,2.0945199999999997,4.0,131250 -> 1892 -> 920968 -> 990 -> 1564 -> 921336 -> 1408 -> 921003 -> 131247 -> 132531
2,875-M-523,0,0.0,0.0,0.0,12509.0,0.0,20.84,
3,O76-T-703,17,201.8143241513709,500.0,1908.633922,7271.0,14.179208000000001,15.5,938 -> 142318 -> 921195 -> 922137 -> 1657 -> 131752 -> 138131 -> 921194 -> 923737 -> 131820 -> 7896 -> 136347 -> 1648 -> 923845 -> 137637 -> 10825 -> 922111
4,O76-T-702,0,0.0,0.0,0.0,7271.0,0.0,15.5,
5,A08-J-522,16,131.38189711018367,500.0,1815.8945509999999,2062.0,5.471336000000001,5.5,137634 -> 921561 -> 1075 -> 136683 -> 139459 -> 922045 -> 144593 -> 920420 -> 922513 -> 920233 -> 15210 -> 1071 -> 922169 -> 142015 -> 140048 -> 922014
6,O78-K-074,13,201.2579787009297,500.0,974.901417,2062.0,3.3321759999999996,5.0,168 -> 131279 -> 142687 -> 131280 -> 1664 -> 15308 -> 922656 -> 15161 -> 15031 -> 139381 -> 838 -> 140062 -> 1405
7,T14-E-264,22,129.93609336140403,500.0,1743.1907780000001,1754.0,5.482063999999999,8.02,587 -> 742 -> 307 -> 920631 -> 1077 -> 1065 -> 922995 -> 1097 -> 15362 -> 1072 -> 923170 -> 923275 -> 136677 -> 131251 -> 1149 -> 969 -> 920497 -> 7552 -> 15209 -> 131252 -> 136174 -> 923163
