vehicle_idx,vehicle_code,n_customers,distance_km,fixed_cost_omega_k,load_weight_kg,cap_weight_kg,load_volume_m3,cap_volume_m3,customer_sequence
0,J92-T-826,0,0.0,0.0,0.0,1058.0,0.0,3.15,
1,A69-O-649,0,0.0,0.0,0.0,1216.0,0.0,4.0,
2,875-M-523,0,0.0,0.0,0.0,12509.0,0.0,20.84,
3,O76-T-703,19,204.81569574745956,500.0,2073.404132,7271.0,15.295160000000001,15.5,938 -> 142318 -> 921195 -> 922137 -> 1657 -> 131752 -> 138131 -> 921194 -> 923737 -> 131820 -> 7896 -> 136347 -> 1648 -> 923845 -> 137637 -> 1408 -> 10825 -> 1892 -> 922111
4,O76-T-702,0,0.0,0.0,0.0,7271.0,0.0,15.5,
5,A08-J-522,17,141.05893149850863,500.0,1826.6274770000002,2062.0,5.759176000000001,5.5,132531 -> 137634 -> 920968 -> 131250 -> 921561 -> 1075 -> 136683 -> 139459 -> 922045 -> 144593 -> 920420 -> 922513 -> 920233 -> 15210 -> 1071 -> 922169 -> 136174
6,O78-K-074,19,249.58568452064654,500.0,1338.403665,2062.0,4.5098959999999995,5.0,921003 -> 921336 -> 990 -> 1564 -> 131247 -> 131252 -> 168 -> 131279 -> 142687 -> 131280 -> 1664 -> 15308 -> 922656 -> 15161 -> 15031 -> 139381 -> 838 -> 140062 -> 1405
7,T14-E-264,23,121.63404207446818,500.0,1620.5827780000004,1754.0,4.995071999999999,8.02,587 -> 742 -> 307 -> 920631 -> 1077 -> 1065 -> 922995 -> 1097 -> 15362 -> 1072 -> 923170 -> 923275 -> 136677 -> 131251 -> 1149 -> 969 -> 920497 -> 7552 -> 15209 -> 142015 -> 923163 -> 140048 -> 922014
