agent,best_objective_fx,best_penalties,best_penalized,friend_imports,friend_improvements
genetic,4000.653071843123,1583.7354060031762,5584.3884778463,0.0,0.0
annealing,3247.2683260056265,0.0,3247.2683260056265,1.0,0.0
tabu,3214.271826872509,0.0,3214.271826872509,2.0,1.0
global_best,3214.271826872509,0.0,3214.271826872509,,
