agent,best_objective_fx,best_penalties,best_penalized,friend_imports,friend_improvements
genetic,4000.6530718431222,1583.7354060031719,5584.388477846294,0.0,0.0
annealing,3247.268326005627,0.0,3247.268326005627,1.0,0.0
tabu,3214.2718268725093,0.0,3214.2718268725093,2.0,1.0
global_best,3214.2718268725093,0.0,3214.2718268725093,,
