vehicle_idx,vehicle_code,n_customers,distance_km,fixed_cost_omega_k,load_weight_kg,cap_weight_kg,load_volume_m3,cap_volume_m3,customer_sequence
0,J92-T-826,0,0.0,0.0,0.0,1058.0,0.0,3.15,
1,A69-O-649,36,294.5837332523935,5000.0,2088.2180030000004,1216.0,7.013456000000001,4.0,15026 -> 141516 -> 921561 -> 1619 -> 139927 -> 143271 -> 15206 -> 15250 -> 138089 -> 138315 -> 15021 -> 15247 -> 136088 -> 133290 -> 920241 -> 144810 -> 921090 -> 1031 -> 1007 -> 137599 -> 138929 -> 920532 -> 10564 -> 924068 -> 137380 -> 138643 -> 923922 -> 138642 -> 142832 -> 145260 -> 142873 -> 920105 -> 922087 -> 139814 -> 760 -> 136297
2,875-M-523,0,0.0,0.0,0.0,12509.0,0.0,20.84,
3,O76-T-703,46,367.5814434198406,5000.0,3845.8170959999998,7271.0,13.885736,15.5,1080 -> 1805 -> 7525 -> 923033 -> 15202 -> 15253 -> 15249 -> 15020 -> 15328 -> 142817 -> 142634 -> 137634 -> 990 -> 10825 -> 922636 -> 15252 -> 131242 -> 921523 -> 136885 -> 921607 -> 923731 -> 135890 -> 1886 -> 740 -> 587 -> 139984 -> 307 -> 15189 -> 920597 -> 920497 -> 136174 -> 923163 -> 7572 -> 352 -> 136525 -> 143063 -> 923817 -> 136524 -> 1173 -> 138579 -> 141004 -> 131246 -> 1078 -> 139709 -> 140883 -> 920120
4,O76-T-702,37,323.4463285492759,5000.0,3872.7954469999995,7271.0,16.933871999999997,15.5,140975 -> 923132 -> 133537 -> 1709 -> 1487 -> 921969 -> 15251 -> 1346 -> 136298 -> 920118 -> 742 -> 15209 -> 320 -> 139129 -> 138343 -> 921453 -> 920284 -> 137662 -> 920208 -> 141650 -> 992 -> 7585 -> 923634 -> 921615 -> 140114 -> 137667 -> 144284 -> 586 -> 144285 -> 139925 -> 1938 -> 9 -> 1973 -> 137663 -> 137731 -> 139007 -> 360
5,A08-J-522,0,0.0,0.0,0.0,2062.0,0.0,5.5,
6,O78-K-074,0,0.0,0.0,0.0,2062.0,0.0,5.0,
7,T14-E-264,0,0.0,0.0,0.0,1754.0,0.0,8.02,
