vehicle_idx,vehicle_code,n_customers,distance_km,fixed_cost_omega_k,load_weight_kg,cap_weight_kg,load_volume_m3,cap_volume_m3,customer_sequence
0,J92-T-826,0,0.0,0.0,0.0,1058.0,0.0,3.15,
1,A69-O-649,34,223.74217081801118,5000.0,1261.9554855000001,1216.0,4.897816,4.0,7521 -> 921733 -> 136836 -> 139187 -> 143115 -> 140023 -> 138650 -> 606 -> 1934 -> 478 -> 131332 -> 138142 -> 923142 -> 138087 -> 131248 -> 922636 -> 135717 -> 140401 -> 131249 -> 131768 -> 131250 -> 7935 -> 921231 -> 921127 -> 7945 -> 922910 -> 593 -> 923716 -> 138157 -> 133394 -> 922197 -> 923589 -> 922334 -> 139432
2,875-M-523,0,0.0,0.0,0.0,12509.0,0.0,20.84,
3,O76-T-703,0,0.0,0.0,0.0,7271.0,0.0,15.5,
4,O76-T-702,0,0.0,0.0,0.0,7271.0,0.0,15.5,
5,A08-J-522,36,233.5566082746971,5000.0,2428.5770105,2062.0,13.342832,5.5,922957 -> 145229 -> 1998 -> 131336 -> 10538 -> 15221 -> 7959 -> 142110 -> 131337 -> 143559 -> 923762 -> 133893 -> 144439 -> 922451 -> 15076 -> 136297 -> 922075 -> 922805 -> 15027 -> 921932 -> 133395 -> 137670 -> 738 -> 136510 -> 1439 -> 132531 -> 920968 -> 923124 -> 921003 -> 921872 -> 1425 -> 923322 -> 7634 -> 139168 -> 921302 -> 145160
6,O78-K-074,0,0.0,0.0,0.0,2062.0,0.0,5.0,
7,T14-E-264,37,254.32989144800314,5000.0,4060.5744729999997,1754.0,24.19172,8.02,131247 -> 922327 -> 15208 -> 15253 -> 1408 -> 921336 -> 10825 -> 131511 -> 923700 -> 142995 -> 132462 -> 739 -> 7930 -> 1118 -> 15203 -> 1676 -> 144561 -> 131469 -> 1016 -> 26 -> 145171 -> 2038 -> 921035 -> 1654 -> 131334 -> 137381 -> 1665 -> 141727 -> 921042 -> 923951 -> 922911 -> 144680 -> 454 -> 1387 -> 1805 -> 923590 -> 1644
