vehicle_idx,vehicle_code,n_customers,distance_km,fixed_cost_omega_k,load_weight_kg,cap_weight_kg,load_volume_m3,cap_volume_m3,customer_sequence
0,J92-T-826,14,201.0553210302498,5000.0,528.055,1058.0,2.9709999999999996,3.15,1080 -> 137665 -> 144817 -> 138766 -> 136590 -> 920359 -> 1584 -> 138095 -> 142995 -> 138097 -> 138088 -> 145259 -> 15022 -> 1805
1,A69-O-649,21,78.93496955454627,5000.0,683.7980000000001,1216.0,3.0900000000000003,3.15,1079 -> 1047 -> 15025 -> 132580 -> 922169 -> 922170 -> 398 -> 136498 -> 144653 -> 922033 -> 1324 -> 921372 -> 132462 -> 138093 -> 138096 -> 922863 -> 1281 -> 131249 -> 1418 -> 1199 -> 131762
2,875-M-523,5,60.65804074036156,5000.0,4747.973,12509.0,20.56,20.84,145160 -> 139534 -> 1044 -> 7528 -> 922957
3,O76-T-703,15,79.08865394207523,5000.0,2747.7070000000003,7271.0,15.482,15.5,131456 -> 1487 -> 144279 -> 922526 -> 923183 -> 920697 -> 219 -> 2091 -> 920296 -> 137232 -> 137731 -> 990 -> 921302 -> 921276 -> 131243
4,O76-T-702,15,201.68687236729772,5000.0,906.1429999999998,7271.0,5.629,15.5,1082 -> 131271 -> 920619 -> 923209 -> 922090 -> 921437 -> 921745 -> 923863 -> 526 -> 15200 -> 547 -> 145190 -> 136139 -> 920105 -> 923686
5,A08-J-522,20,91.07750025510471,5000.0,966.2270000000001,2062.0,5.49,5.5,1078 -> 1186 -> 15328 -> 15205 -> 133291 -> 1439 -> 923413 -> 7634 -> 156 -> 10706 -> 1374 -> 1381 -> 139097 -> 1048 -> 1356 -> 1096 -> 922004 -> 1084 -> 135499 -> 131244
6,O78-K-074,11,205.5990983592983,5000.0,1012.539,2062.0,4.856999999999999,5.0,131241 -> 135579 -> 923591 -> 136201 -> 135850 -> 1480 -> 118 -> 1774 -> 131717 -> 132470 -> 131246
