vehicle_idx,vehicle_code,n_customers,distance_km,fixed_cost_omega_k,load_weight_kg,cap_weight_kg,load_volume_m3,cap_volume_m3,customer_sequence
0,J92-T-826,0,0.0,0.0,0.0,1058.0,0.0,3.15,
1,A69-O-649,33,221.97390882202458,5000.0,1449.287392,1216.0,6.660168,4.0,10703 -> 143115 -> 1518 -> 921824 -> 15323 -> 131335 -> 204 -> 922911 -> 140167 -> 7959 -> 142854 -> 141727 -> 137381 -> 974 -> 140150 -> 1805 -> 144045 -> 138336 -> 922805 -> 921932 -> 1324 -> 923413 -> 1644 -> 135372 -> 131248 -> 138087 -> 10825 -> 883 -> 1436 -> 921276 -> 27 -> 920349 -> 920348
2,875-M-523,0,0.0,0.0,0.0,12509.0,0.0,20.84,
3,O76-T-703,0,0.0,0.0,0.0,7271.0,0.0,15.5,
4,O76-T-702,0,0.0,0.0,0.0,7271.0,0.0,15.5,
5,A08-J-522,40,254.3962981714739,5000.0,3299.76119,2062.0,25.711872,5.5,921872 -> 1408 -> 921336 -> 990 -> 131768 -> 132531 -> 7634 -> 133834 -> 7935 -> 921127 -> 921861 -> 922910 -> 7945 -> 144835 -> 7930 -> 138157 -> 1016 -> 922810 -> 1760 -> 359 -> 1387 -> 7982 -> 7521 -> 921035 -> 1687 -> 921733 -> 138650 -> 923767 -> 1654 -> 144631 -> 142115 -> 923838 -> 136404 -> 1665 -> 1653 -> 10538 -> 1651 -> 1998 -> 1487 -> 921302
6,O78-K-074,37,168.53176522798685,5000.0,3841.7907885000004,2062.0,19.107664000000003,5.0,920347 -> 144000 -> 139214 -> 142710 -> 145229 -> 139432 -> 142857 -> 131247 -> 1684 -> 921003 -> 15208 -> 140805 -> 131249 -> 131511 -> 142995 -> 138020 -> 131250 -> 739 -> 1118 -> 15203 -> 15027 -> 920300 -> 144561 -> 133395 -> 738 -> 131297 -> 134513 -> 134004 -> 1782 -> 145094 -> 871 -> 1676 -> 923589 -> 133685 -> 923590 -> 1193 -> 922961
7,T14-E-264,0,0.0,0.0,0.0,1754.0,0.0,8.02,
