vehicle_idx,vehicle_code,n_customers,distance_km,fixed_cost_omega_k,load_weight_kg,cap_weight_kg,load_volume_m3,cap_volume_m3,customer_sequence
0,J92-T-826,0,0.0,0.0,0.0,1058.0,0.0,3.15,
1,A69-O-649,9,41.181827667273076,5000.0,276.935498,1216.0,0.9149160000000001,3.15,133685 -> 131247 -> 921276 -> 1539 -> 139007 -> 140805 -> 138089 -> 138020 -> 15206
2,875-M-523,20,204.9192080254152,5000.0,4188.643334000001,12509.0,19.881360000000004,20.84,168 -> 921195 -> 143676 -> 921194 -> 144514 -> 142687 -> 141898 -> 1664 -> 15308 -> 922656 -> 138131 -> 15161 -> 131752 -> 15031 -> 922137 -> 1657 -> 285 -> 139381 -> 838 -> 1405
3,O76-T-703,16,258.86306793708576,5000.0,2230.319,7271.0,12.522,15.5,743 -> 141028 -> 15209 -> 7552 -> 307 -> 131251 -> 144593 -> 1072 -> 142318 -> 131281 -> 1656 -> 131279 -> 1667 -> 10538 -> 923737 -> 938
4,O78-K-074,25,207.33506746257925,5000.0,1402.9261275000001,2062.0,4.9724,5.0,138622 -> 921336 -> 131820 -> 922468 -> 136040 -> 137637 -> 923930 -> 740 -> 742 -> 141810 -> 920420 -> 922045 -> 139459 -> 1075 -> 136683 -> 1077 -> 1065 -> 15362 -> 15210 -> 920233 -> 1071 -> 142135 -> 1149 -> 138954 -> 10813
5,T14-E-264,24,150.5991419317615,5000.0,1696.6355230000001,1754.0,6.862752,8.02,922202 -> 15251 -> 15253 -> 134087 -> 920365 -> 7896 -> 923845 -> 142598 -> 921675 -> 1281 -> 922557 -> 131250 -> 921372 -> 920456 -> 133682 -> 7634 -> 15252 -> 131252 -> 744 -> 136174 -> 923163 -> 587 -> 15261 -> 131242
