agent,best_objective_fx,best_penalties,best_penalized,friend_imports,friend_improvements
genetic,31665.073635186633,1205.4824204687511,32870.55605565538,0.0,0.0
annealing,25862.898313024114,500.0,26362.898313024114,1.0,0.0
tabu,25866.06684792267,500.1877159309021,26366.25456385357,2.0,1.0
global_best,25862.898313024114,500.0,26362.898313024114,,
