vehicle_idx,vehicle_code,n_customers,distance_km,fixed_cost_omega_k,load_weight_kg,cap_weight_kg,load_volume_m3,cap_volume_m3,customer_sequence
0,J92-T-826,26,104.7862155626976,5000.0,895.4702355000001,1058.0,3.1280520000000003,3.15,145229 -> 923142 -> 138087 -> 131248 -> 922636 -> 923700 -> 135717 -> 131511 -> 10825 -> 140401 -> 920968 -> 131249 -> 131768 -> 739 -> 7930 -> 138157 -> 133394 -> 133395 -> 738 -> 137670 -> 144561 -> 15203 -> 15027 -> 922075 -> 922197 -> 922957
1,A69-O-649,23,147.0936314088559,5000.0,787.942624,1216.0,3.5244439999999995,4.0,145160 -> 1387 -> 26 -> 136836 -> 144439 -> 7521 -> 922451 -> 144680 -> 133893 -> 137381 -> 141727 -> 15221 -> 7959 -> 143559 -> 131334 -> 131337 -> 142110 -> 922911 -> 921003 -> 1408 -> 921336 -> 923124 -> 922327
2,875-M-523,22,109.12169560965879,5000.0,2117.5982455000003,12509.0,14.843432000000005,20.84,1425 -> 921872 -> 131247 -> 923590 -> 132462 -> 1644 -> 139168 -> 7935 -> 921231 -> 921127 -> 922910 -> 7945 -> 136510 -> 593 -> 923716 -> 921932 -> 1118 -> 1676 -> 131469 -> 922805 -> 922334 -> 139432
3,O76-T-703,0,0.0,0.0,0.0,7271.0,0.0,15.5,
4,O76-T-702,22,143.08988983048283,5000.0,2483.415692,7271.0,13.004003999999998,15.5,136297 -> 143115 -> 140023 -> 15076 -> 138650 -> 454 -> 606 -> 1654 -> 1934 -> 478 -> 131332 -> 921042 -> 923762 -> 1665 -> 10538 -> 923951 -> 138142 -> 131336 -> 1998 -> 15253 -> 15208 -> 921302
5,A08-J-522,0,0.0,0.0,0.0,2062.0,0.0,5.5,
6,O78-K-074,0,0.0,0.0,0.0,2062.0,0.0,5.0,
7,T14-E-264,14,124.31306702824503,5000.0,1466.680172,1754.0,7.932436,8.02,132531 -> 142995 -> 923322 -> 1439 -> 131250 -> 7634 -> 1016 -> 923589 -> 139187 -> 921733 -> 921035 -> 2038 -> 145171 -> 1805
