vehicle_idx,vehicle_code,n_customers,distance_km,fixed_cost_omega_k,load_weight_kg,cap_weight_kg,load_volume_m3,cap_volume_m3,customer_sequence
0,J92-T-826,16,104.08038702365116,500.0,758.9216020000001,1058.0,2.8175440000000003,3.15,920348 -> 1998 -> 10538 -> 142854 -> 141727 -> 137381 -> 1665 -> 923838 -> 142115 -> 15323 -> 7521 -> 921035 -> 1687 -> 7982 -> 10703 -> 144000
1,A69-O-649,13,51.244469446153836,500.0,1077.743242,1216.0,3.4913320000000003,4.0,920349 -> 138087 -> 131248 -> 135372 -> 131511 -> 10825 -> 990 -> 15208 -> 921276 -> 921336 -> 1408 -> 27 -> 139432
2,875-M-523,15,85.2176829600664,500.0,2778.7288945000005,12509.0,17.525112,20.84,922961 -> 359 -> 922810 -> 15203 -> 1676 -> 921932 -> 1118 -> 7634 -> 131250 -> 1684 -> 1436 -> 923590 -> 921872 -> 1193 -> 133685
3,O76-T-703,19,99.61877550584248,500.0,1258.72557,7271.0,15.165071999999999,15.5,144045 -> 142857 -> 131247 -> 921302 -> 131249 -> 131768 -> 1644 -> 923413 -> 1324 -> 133834 -> 134004 -> 7935 -> 921127 -> 921861 -> 922910 -> 7945 -> 1782 -> 144835 -> 1805
4,O76-T-702,0,0.0,0.0,0.0,7271.0,0.0,15.5,
5,A08-J-522,0,0.0,0.0,0.0,2062.0,0.0,5.5,
6,O78-K-074,25,99.11602059805354,500.0,1170.874629,2062.0,4.917712000000001,5.0,139214 -> 923589 -> 1760 -> 871 -> 922805 -> 1016 -> 15027 -> 920300 -> 144561 -> 138336 -> 131297 -> 134513 -> 738 -> 133395 -> 145094 -> 138157 -> 7930 -> 739 -> 142995 -> 138020 -> 132531 -> 883 -> 140805 -> 921003 -> 145229
7,T14-E-264,22,117.98575974730478,500.0,1545.8454329999997,1754.0,7.562931999999999,8.02,920347 -> 140150 -> 974 -> 1651 -> 1653 -> 7959 -> 922911 -> 140167 -> 136404 -> 204 -> 144631 -> 131335 -> 1654 -> 923767 -> 921824 -> 138650 -> 1518 -> 921733 -> 143115 -> 1387 -> 1487 -> 142710
