vehicle_idx,vehicle_code,n_customers,distance_km,fixed_cost_omega_k,load_weight_kg,cap_weight_kg,load_volume_m3,cap_volume_m3,customer_sequence
0,J92-T-826,0,0.0,0.0,0.0,1058.0,0.0,3.15,
1,A69-O-649,15,127.29754368013658,5000.0,1113.8475,1216.0,3.3619639999999995,4.0,131250 -> 921561 -> 1075 -> 136683 -> 1077 -> 1065 -> 922995 -> 139459 -> 922045 -> 144593 -> 131251 -> 1149 -> 969 -> 140048 -> 922014
2,875-M-523,0,0.0,0.0,0.0,12509.0,0.0,20.84,
3,O76-T-703,0,0.0,0.0,0.0,7271.0,0.0,15.5,
4,O76-T-702,18,228.3947623324092,5000.0,2233.421922,7271.0,15.295207999999999,15.5,136174 -> 131252 -> 15209 -> 137637 -> 923845 -> 1648 -> 136347 -> 7896 -> 131820 -> 923737 -> 921194 -> 138131 -> 131752 -> 1657 -> 922137 -> 921195 -> 142318 -> 938
5,A08-J-522,17,128.5529518163187,5000.0,1713.6173290000002,2062.0,5.157028,5.5,7552 -> 920497 -> 307 -> 920631 -> 920420 -> 1097 -> 15362 -> 1072 -> 922513 -> 920233 -> 15210 -> 1071 -> 923170 -> 923275 -> 136677 -> 922169 -> 142015
6,O78-K-074,13,201.25797870092953,5000.0,974.901417,2062.0,3.3321759999999996,5.0,168 -> 131279 -> 142687 -> 131280 -> 1664 -> 15308 -> 922656 -> 15161 -> 15031 -> 139381 -> 838 -> 140062 -> 1405
7,T14-E-264,15,75.10953685545219,5000.0,823.2298840000001,1754.0,3.412928,8.02,132531 -> 922111 -> 137634 -> 1892 -> 920968 -> 1564 -> 990 -> 10825 -> 921336 -> 1408 -> 921003 -> 131247 -> 587 -> 742 -> 923163
