vehicle_idx,vehicle_code,n_customers,distance_km,fixed_cost_omega_k,load_weight_kg,cap_weight_kg,load_volume_m3,cap_volume_m3,customer_sequence
0,J92-T-826,0,0.0,0.0,0.0,1058.0,0.0,3.15,
1,A69-O-649,34,380.29310318323866,5000.0,1752.0963760000002,1216.0,6.3510800000000005,4.0,131251 -> 969 -> 920631 -> 922045 -> 1097 -> 15362 -> 923170 -> 923275 -> 922169 -> 922014 -> 132531 -> 921003 -> 921336 -> 1564 -> 920968 -> 923845 -> 7896 -> 923737 -> 140062 -> 838 -> 921195 -> 142687 -> 921194 -> 15031 -> 1664 -> 15308 -> 922137 -> 138131 -> 922656 -> 131280 -> 131279 -> 15161 -> 139381 -> 168
2,875-M-523,0,0.0,0.0,0.0,12509.0,0.0,20.84,
3,O76-T-703,44,504.50873154432765,5000.0,5106.921676,7271.0,24.208223999999998,15.5,131820 -> 136347 -> 1648 -> 137637 -> 10825 -> 990 -> 1408 -> 1892 -> 137634 -> 922111 -> 131247 -> 131250 -> 921561 -> 742 -> 587 -> 136174 -> 142015 -> 15209 -> 7552 -> 920497 -> 1149 -> 15210 -> 1075 -> 136683 -> 1077 -> 1065 -> 922995 -> 139459 -> 144593 -> 920420 -> 922513 -> 920233 -> 1072 -> 136677 -> 307 -> 131252 -> 140048 -> 923163 -> 1405 -> 938 -> 142318 -> 131752 -> 1657 -> 1071
4,O76-T-702,0,0.0,0.0,0.0,7271.0,0.0,15.5,
5,A08-J-522,0,0.0,0.0,0.0,2062.0,0.0,5.5,
6,O78-K-074,0,0.0,0.0,0.0,2062.0,0.0,5.0,
7,T14-E-264,0,0.0,0.0,0.0,1754.0,0.0,8.02,
