vehicle_idx,vehicle_code,n_customers,distance_km,fixed_cost_omega_k,load_weight_kg,cap_weight_kg,load_volume_m3,cap_volume_m3,customer_sequence
0,J92-T-826,0,0.0,0.0,0.0,1058.0,0.0,3.15,
1,A69-O-649,39,270.29108139595576,5000.0,1163.20005,1216.0,4.710139999999999,4.0,1387 -> 1687 -> 1518 -> 921824 -> 15323 -> 923767 -> 1654 -> 144631 -> 136404 -> 922911 -> 204 -> 923838 -> 137381 -> 140167 -> 1665 -> 142115 -> 1998 -> 739 -> 7930 -> 15027 -> 1016 -> 138336 -> 923589 -> 1760 -> 922810 -> 920300 -> 1676 -> 871 -> 1324 -> 1644 -> 131768 -> 135372 -> 921276 -> 142995 -> 144045 -> 139214 -> 920349 -> 138020 -> 131250
2,875-M-523,0,0.0,0.0,0.0,12509.0,0.0,20.84,
3,O76-T-703,35,240.93376020726333,5000.0,5731.08116,7271.0,41.535104,15.5,7521 -> 7982 -> 10703 -> 143115 -> 131335 -> 1653 -> 141727 -> 142854 -> 7959 -> 10538 -> 1651 -> 974 -> 140150 -> 1487 -> 359 -> 922805 -> 15203 -> 144561 -> 1118 -> 921932 -> 738 -> 138157 -> 144835 -> 1782 -> 922910 -> 921861 -> 133834 -> 923413 -> 10825 -> 15208 -> 27 -> 7634 -> 921302 -> 923590 -> 922961
4,O76-T-702,0,0.0,0.0,0.0,7271.0,0.0,15.5,
5,A08-J-522,0,0.0,0.0,0.0,2062.0,0.0,5.5,
6,O78-K-074,36,264.1857281407828,5000.0,1696.5581605,2062.0,5.2344599999999994,5.0,138650 -> 921733 -> 921035 -> 144000 -> 920347 -> 921336 -> 1408 -> 131297 -> 134513 -> 133395 -> 145094 -> 7945 -> 921127 -> 7935 -> 134004 -> 131511 -> 990 -> 131249 -> 140805 -> 921003 -> 131247 -> 921872 -> 132531 -> 1684 -> 1436 -> 142857 -> 133685 -> 142710 -> 1805 -> 920348 -> 145229 -> 139432 -> 883 -> 1193 -> 131248 -> 138087
7,T14-E-264,0,0.0,0.0,0.0,1754.0,0.0,8.02,
