vehicle_idx,vehicle_code,n_customers,distance_km,fixed_cost_omega_k,load_weight_kg,cap_weight_kg,load_volume_m3,cap_volume_m3,customer_sequence
0,J92-T-826,0,0.0,0.0,0.0,1058.0,0.0,3.15,
1,A69-O-649,0,0.0,0.0,0.0,1216.0,0.0,3.15,
2,875-M-523,26,237.25884943287735,5000.0,1127.19823,12509.0,6.625684,20.84,1684 -> 131511 -> 135717 -> 923700 -> 922636 -> 142677 -> 921127 -> 134513 -> 921932 -> 144561 -> 15203 -> 922805 -> 15209 -> 744 -> 136403 -> 923951 -> 10538 -> 15221 -> 141727 -> 137381 -> 1665 -> 923762 -> 921042 -> 134143 -> 145171 -> 1387
3,O76-T-703,0,0.0,0.0,0.0,7271.0,0.0,15.5,
4,O76-T-702,26,172.61287481373245,5000.0,3936.1465,7271.0,21.110992,15.5,2038 -> 7521 -> 921035 -> 131470 -> 143115 -> 138650 -> 454 -> 921824 -> 131335 -> 144631 -> 168 -> 478 -> 204 -> 7959 -> 139542 -> 1651 -> 144680 -> 740 -> 742 -> 137635 -> 1644 -> 131768 -> 15208 -> 921302 -> 27 -> 923590
5,A08-J-522,33,185.06136523658097,5000.0,1351.4898500000004,2062.0,6.846636,5.5,15207 -> 922557 -> 1892 -> 139007 -> 15328 -> 142857 -> 15253 -> 922121 -> 1408 -> 921336 -> 133688 -> 133703 -> 138087 -> 921663 -> 131248 -> 7935 -> 922910 -> 7945 -> 144835 -> 7930 -> 138157 -> 133394 -> 144394 -> 142179 -> 141548 -> 136942 -> 1676 -> 871 -> 923589 -> 743 -> 139187 -> 1687 -> 140493
6,O78-K-074,30,199.42359558082822,5000.0,1363.9321160000002,2062.0,6.058796,5.0,145229 -> 921003 -> 15249 -> 15251 -> 922202 -> 15206 -> 15250 -> 15204 -> 135579 -> 922773 -> 921675 -> 920968 -> 140401 -> 10821 -> 15252 -> 739 -> 532 -> 738 -> 136700 -> 1118 -> 15027 -> 920300 -> 138277 -> 1016 -> 922075 -> 142542 -> 141028 -> 131336 -> 140023 -> 1078
