vehicle_idx,vehicle_code,n_customers,distance_km,fixed_cost_omega_k,load_weight_kg,cap_weight_kg,load_volume_m3,cap_volume_m3,customer_sequence
0,J92-T-826,0,0.0,0.0,0.0,1058.0,0.0,3.15,
1,A69-O-649,39,348.41634297159175,5000.0,1679.7373619999998,1216.0,5.206752,4.0,142873 -> 131269 -> 137176 -> 139112 -> 144810 -> 921090 -> 1031 -> 1007 -> 1017 -> 137601 -> 499 -> 920532 -> 924068 -> 923922 -> 140812 -> 923124 -> 140805 -> 142817 -> 884 -> 138315 -> 135887 -> 145259 -> 131472 -> 131473 -> 133291 -> 142995 -> 131532 -> 145240 -> 142177 -> 142178 -> 140563 -> 138540 -> 131252 -> 131468 -> 923930 -> 920497 -> 969 -> 922852 -> 7572
2,875-M-523,0,0.0,0.0,0.0,12509.0,0.0,20.84,
3,O76-T-703,0,0.0,0.0,0.0,7271.0,0.0,15.5,
4,O76-T-702,0,0.0,0.0,0.0,7271.0,0.0,15.5,
5,A08-J-522,0,0.0,0.0,0.0,2062.0,0.0,5.5,
6,O78-K-074,49,400.5974505721672,5000.0,2928.3765569999996,2062.0,15.677359999999998,5.0,137885 -> 140975 -> 239 -> 1540 -> 922004 -> 1487 -> 1353 -> 15202 -> 139540 -> 141675 -> 7741 -> 371 -> 27 -> 7522 -> 923700 -> 131474 -> 143271 -> 137663 -> 387 -> 139925 -> 1973 -> 139927 -> 1748 -> 922111 -> 921224 -> 142857 -> 133658 -> 145214 -> 15247 -> 142763 -> 920707 -> 144414 -> 1684 -> 920712 -> 136298 -> 587 -> 923163 -> 139984 -> 135890 -> 921607 -> 360 -> 131242 -> 441 -> 1186 -> 1534 -> 15253 -> 139007 -> 598 -> 920629
7,T14-E-264,41,472.2084700808773,5000.0,4228.3534705,1754.0,24.272264,8.02,15026 -> 142559 -> 1805 -> 7525 -> 15251 -> 15249 -> 133290 -> 139661 -> 921675 -> 1281 -> 921968 -> 135439 -> 141650 -> 138841 -> 137662 -> 136151 -> 143637 -> 742 -> 920118 -> 135889 -> 740 -> 143349 -> 138253 -> 494 -> 15121 -> 1089 -> 138579 -> 506 -> 921560 -> 139172 -> 136707 -> 923817 -> 139814 -> 923132 -> 139709 -> 760 -> 1173 -> 131246 -> 1078 -> 137731 -> 920120
