vehicle_idx,vehicle_code,n_customers,distance_km,fixed_cost_omega_k,load_weight_kg,cap_weight_kg,load_volume_m3,cap_volume_m3,customer_sequence
0,J92-T-826,12,220.31413857278181,5000.0,918.9346499999998,1058.0,3.0071800000000004,3.15,938 -> 139381 -> 15308 -> 922656 -> 1664 -> 141898 -> 144514 -> 10538 -> 923737 -> 139007 -> 140805 -> 138089
1,A69-O-649,0,0.0,0.0,0.0,1216.0,0.0,3.15,
2,875-M-523,19,220.86400817449294,5000.0,3648.5081724999995,12509.0,16.310344,20.84,838 -> 131281 -> 15031 -> 922137 -> 1657 -> 285 -> 131752 -> 138131 -> 921194 -> 168 -> 136040 -> 131820 -> 7896 -> 922468 -> 920365 -> 923845 -> 134087 -> 137637 -> 922202
3,O76-T-703,16,253.70299391222923,5000.0,2308.86,7271.0,14.141052,15.5,742 -> 7552 -> 139459 -> 922045 -> 144593 -> 920420 -> 1071 -> 142318 -> 921195 -> 1656 -> 143676 -> 15161 -> 142687 -> 131279 -> 1667 -> 1405
4,O78-K-074,22,132.94132973420136,5000.0,1183.38046,2062.0,4.580684000000001,5.0,133685 -> 131247 -> 15251 -> 138622 -> 142598 -> 921675 -> 1281 -> 138020 -> 15206 -> 15261 -> 131242 -> 923930 -> 740 -> 587 -> 307 -> 141810 -> 1072 -> 920233 -> 15210 -> 142135 -> 141028 -> 743
5,T14-E-264,25,144.5678007454899,5000.0,1735.7761999999998,1754.0,7.114168,8.02,921276 -> 15253 -> 921336 -> 1539 -> 922557 -> 131250 -> 921372 -> 920456 -> 133682 -> 7634 -> 15252 -> 1075 -> 136683 -> 1077 -> 1065 -> 15362 -> 131251 -> 1149 -> 138954 -> 744 -> 15209 -> 131252 -> 136174 -> 923163 -> 10813
