vehicle_idx,vehicle_code,n_customers,distance_km,fixed_cost_omega_k,load_weight_kg,cap_weight_kg,load_volume_m3,cap_volume_m3,customer_sequence
0,J92-T-826,0,0.0,0.0,0.0,1058.0,0.0,3.15,
1,A69-O-649,26,211.87710815467588,500.0,748.4933635,1216.0,2.72224,4.0,1805 -> 1353 -> 1487 -> 922004 -> 15121 -> 1089 -> 137885 -> 239 -> 140975 -> 921560 -> 139172 -> 131269 -> 137176 -> 144810 -> 921090 -> 924068 -> 499 -> 920532 -> 137601 -> 1017 -> 131474 -> 923700 -> 884 -> 144414 -> 1684 -> 920712
2,875-M-523,0,0.0,0.0,0.0,12509.0,0.0,20.84,
3,O76-T-703,10,158.21568681929713,500.0,2221.916,7271.0,11.462,15.5,142559 -> 142873 -> 139112 -> 1031 -> 1007 -> 923922 -> 920120 -> 140812 -> 131246 -> 1078
4,O76-T-702,19,250.94853978132824,500.0,1757.179616,7271.0,15.49154,15.5,1534 -> 371 -> 15253 -> 137731 -> 598 -> 921968 -> 135439 -> 141650 -> 138841 -> 137662 -> 136151 -> 920629 -> 142177 -> 143637 -> 142178 -> 140563 -> 145240 -> 360 -> 921607
5,A08-J-522,12,40.98244848409233,500.0,1119.787094,2062.0,4.829395999999999,5.5,15202 -> 133290 -> 7522 -> 923124 -> 139661 -> 139007 -> 921675 -> 138315 -> 920707 -> 15251 -> 142857 -> 7525
6,O78-K-074,33,108.97098952164887,500.0,1244.7431080000001,2062.0,4.726567999999999,5.0,139540 -> 1186 -> 133658 -> 921224 -> 145214 -> 15249 -> 142763 -> 15247 -> 140805 -> 142817 -> 145259 -> 1281 -> 27 -> 922111 -> 135887 -> 1748 -> 131472 -> 131473 -> 133291 -> 142995 -> 143271 -> 137663 -> 387 -> 1973 -> 139925 -> 139927 -> 131532 -> 441 -> 131242 -> 136298 -> 138540 -> 138253 -> 7741
7,T14-E-264,29,99.04736914076953,500.0,1744.3482079999997,1754.0,5.924632,8.02,15026 -> 920118 -> 135890 -> 135889 -> 923930 -> 740 -> 587 -> 742 -> 143349 -> 139984 -> 920497 -> 922852 -> 969 -> 131252 -> 131468 -> 923163 -> 494 -> 760 -> 139709 -> 923132 -> 139814 -> 923817 -> 136707 -> 1173 -> 138579 -> 7572 -> 506 -> 1540 -> 141675
