vehicle_idx,vehicle_code,n_customers,distance_km,fixed_cost_omega_k,load_weight_kg,cap_weight_kg,load_volume_m3,cap_volume_m3,customer_sequence
0,J92-T-826,0,0.0,0.0,0.0,1058.0,0.0,3.15,
1,A69-O-649,23,211.3119112179243,5000.0,898.26501,1216.0,3.3136560000000004,4.0,15202 -> 1186 -> 921224 -> 144414 -> 131473 -> 133291 -> 142995 -> 145259 -> 921675 -> 131269 -> 1017 -> 921090 -> 139112 -> 923922 -> 139709 -> 923132 -> 139814 -> 923817 -> 760 -> 136707 -> 139172 -> 921560 -> 922004
2,875-M-523,16,187.9542702230467,5000.0,2469.719505,12509.0,19.5439,20.84,142559 -> 140812 -> 920120 -> 924068 -> 499 -> 920532 -> 137601 -> 1007 -> 1031 -> 144810 -> 137176 -> 142873 -> 131474 -> 923700 -> 137731 -> 1078
3,O76-T-703,0,0.0,0.0,0.0,7271.0,0.0,15.5,
4,O76-T-702,19,243.12871884821433,5000.0,1317.9711919999997,7271.0,4.614088,15.5,1684 -> 138315 -> 139007 -> 1281 -> 137663 -> 387 -> 139925 -> 598 -> 921968 -> 137662 -> 136151 -> 135439 -> 138841 -> 141650 -> 920629 -> 140563 -> 135890 -> 138253 -> 1353
5,A08-J-522,20,79.12870240721523,5000.0,1700.3537905000003,2062.0,5.4946600000000005,5.5,15026 -> 131246 -> 1540 -> 15121 -> 1089 -> 494 -> 923163 -> 131468 -> 131252 -> 969 -> 922852 -> 920497 -> 139984 -> 143349 -> 742 -> 587 -> 136298 -> 131242 -> 441 -> 7741
6,O78-K-074,31,124.73962845778941,5000.0,1134.5544570000002,2062.0,4.1642920000000005,5.0,920712 -> 920707 -> 145214 -> 133290 -> 7522 -> 923124 -> 139661 -> 140805 -> 142817 -> 884 -> 922111 -> 135887 -> 1748 -> 131472 -> 131532 -> 143271 -> 139927 -> 1973 -> 142177 -> 143637 -> 142178 -> 145240 -> 360 -> 921607 -> 920118 -> 135889 -> 740 -> 923930 -> 138540 -> 1805 -> 141675
7,T14-E-264,20,68.49627886853455,5000.0,1315.6034349999998,1754.0,8.02578,8.02,139540 -> 133658 -> 1534 -> 371 -> 27 -> 15253 -> 15249 -> 15247 -> 142763 -> 15251 -> 142857 -> 137885 -> 1173 -> 140975 -> 239 -> 7572 -> 138579 -> 506 -> 1487 -> 7525
