agent,best_objective_fx,best_penalties,best_penalized,friend_imports,friend_improvements
genetic,41557.58626406287,561.8313625933484,42119.41762665622,0.0,0.0
annealing,30914.759510022723,500.36034912718213,31415.119859149905,0.0,0.0
tabu,30919.06349585088,500.0,31419.06349585088,2.0,1.0
global_best,30914.759510022723,500.36034912718213,31415.119859149905,,
