vehicle_idx,vehicle_code,n_customers,distance_km,fixed_cost_omega_k,load_weight_kg,cap_weight_kg,load_volume_m3,cap_volume_m3,customer_sequence
0,J92-T-826,0,0.0,0.0,0.0,1058.0,0.0,3.15,
1,A69-O-649,22,140.75471577696896,500.0,1215.694267,1216.0,3.7664719999999994,4.0,921336 -> 921003 -> 131247 -> 921561 -> 1075 -> 136683 -> 1077 -> 1065 -> 922995 -> 1097 -> 15362 -> 1072 -> 922513 -> 15210 -> 923170 -> 923275 -> 920631 -> 131251 -> 1149 -> 969 -> 142015 -> 136174
2,875-M-523,0,0.0,0.0,0.0,12509.0,0.0,20.84,
3,O76-T-703,8,112.78126464277234,500.0,854.184342,7271.0,5.117056,15.5,1408 -> 137637 -> 7896 -> 131820 -> 1648 -> 136347 -> 923845 -> 10825
4,O76-T-702,14,254.7262723823037,500.0,2731.6625699999995,7271.0,14.559916,15.5,938 -> 921194 -> 1657 -> 921195 -> 142318 -> 136677 -> 1071 -> 920233 -> 920420 -> 144593 -> 922045 -> 139459 -> 922169 -> 923163
5,A08-J-522,0,0.0,0.0,0.0,2062.0,0.0,5.5,
6,O78-K-074,18,195.28870251767293,500.0,1223.552227,2062.0,4.428864,5.0,922014 -> 923737 -> 168 -> 131279 -> 142687 -> 131280 -> 1664 -> 15308 -> 922656 -> 138131 -> 15161 -> 131752 -> 15031 -> 922137 -> 139381 -> 838 -> 140062 -> 1405
7,T14-E-264,16,77.08899148035081,500.0,833.9246459999999,1754.0,2.6869959999999997,8.02,132531 -> 922111 -> 137634 -> 1564 -> 990 -> 920968 -> 1892 -> 131250 -> 587 -> 742 -> 307 -> 920497 -> 7552 -> 15209 -> 131252 -> 140048
