vehicle_idx,vehicle_code,n_customers,distance_km,fixed_cost_omega_k,load_weight_kg,cap_weight_kg,load_volume_m3,cap_volume_m3,customer_sequence
0,J92-T-826,24,104.70967033179667,5000.0,848.3302355000001,1058.0,2.772052,3.15,145229 -> 923142 -> 138087 -> 131248 -> 922636 -> 923700 -> 135717 -> 131511 -> 10825 -> 140401 -> 920968 -> 131249 -> 131768 -> 739 -> 7930 -> 138157 -> 133394 -> 133395 -> 738 -> 137670 -> 144561 -> 1676 -> 15203 -> 922957
1,A69-O-649,21,146.04379865270695,5000.0,1038.5408925,1216.0,3.2612079999999994,4.0,1805 -> 1387 -> 26 -> 921733 -> 922451 -> 144680 -> 133893 -> 131332 -> 921042 -> 141727 -> 143559 -> 131334 -> 131337 -> 142110 -> 922911 -> 15253 -> 921003 -> 1408 -> 921336 -> 923124 -> 922327
2,875-M-523,22,109.14829092145787,5000.0,2152.2082455000004,12509.0,14.979432000000005,20.84,1425 -> 921872 -> 131247 -> 923590 -> 132462 -> 1644 -> 139168 -> 7935 -> 921231 -> 921127 -> 922910 -> 7945 -> 136510 -> 593 -> 923716 -> 921932 -> 1118 -> 15027 -> 131469 -> 922197 -> 922334 -> 139432
3,O76-T-703,0,0.0,0.0,0.0,7271.0,0.0,15.5,
4,O76-T-702,23,143.38703280568748,5000.0,2338.0513260000002,7271.0,13.588708,15.5,136297 -> 139187 -> 143115 -> 140023 -> 15076 -> 138650 -> 454 -> 606 -> 1654 -> 1934 -> 478 -> 923762 -> 1665 -> 137381 -> 15221 -> 7959 -> 10538 -> 923951 -> 138142 -> 131336 -> 1998 -> 15208 -> 921302
5,A08-J-522,0,0.0,0.0,0.0,2062.0,0.0,5.5,
6,O78-K-074,0,0.0,0.0,0.0,2062.0,0.0,5.0,
7,T14-E-264,17,125.0726273137272,5000.0,1373.9762695,1754.0,7.830967999999999,8.02,145160 -> 145171 -> 144439 -> 7521 -> 2038 -> 921035 -> 136836 -> 923589 -> 1016 -> 922805 -> 922075 -> 7634 -> 131250 -> 1439 -> 923322 -> 142995 -> 132531
