agent,best_objective_fx,best_penalties,best_penalized,friend_imports,friend_improvements
genetic,41604.41313822659,36.88720330479956,41641.300341531394,0.0,0.0
annealing,25628.40449943994,0.0,25628.40449943994,0.0,0.0
tabu,25628.361420025376,0.0,25628.361420025376,3.0,1.0
global_best,25628.361420025376,0.0,25628.361420025376,,
