vehicle_idx,vehicle_code,n_customers,distance_km,fixed_cost_omega_k,load_weight_kg,cap_weight_kg,load_volume_m3,cap_volume_m3,customer_sequence
0,J92-T-826,40,263.3216431160365,5000.0,1388.6604149999998,1058.0,5.293008,3.15,1684 -> 15204 -> 139007 -> 15328 -> 921336 -> 140401 -> 131511 -> 133688 -> 921663 -> 10821 -> 15207 -> 7935 -> 921127 -> 922910 -> 7945 -> 7930 -> 133394 -> 144394 -> 142179 -> 15027 -> 923589 -> 744 -> 742 -> 740 -> 743 -> 1078 -> 454 -> 144680 -> 923951 -> 15221 -> 1665 -> 923762 -> 921042 -> 204 -> 478 -> 136403 -> 7959 -> 1651 -> 168 -> 138650
1,A69-O-649,0,0.0,0.0,0.0,1216.0,0.0,3.15,
2,875-M-523,0,0.0,0.0,0.0,12509.0,0.0,20.84,
3,O76-T-703,0,0.0,0.0,0.0,7271.0,0.0,15.5,
4,O76-T-702,35,203.1575813613519,5000.0,4799.4053,7271.0,27.307724,15.5,143115 -> 140023 -> 1687 -> 131470 -> 2038 -> 1387 -> 140493 -> 27 -> 15253 -> 1408 -> 1892 -> 131768 -> 15250 -> 1644 -> 137635 -> 739 -> 138157 -> 136700 -> 738 -> 1676 -> 15203 -> 144561 -> 1016 -> 922805 -> 922075 -> 871 -> 921932 -> 138277 -> 141548 -> 134513 -> 144835 -> 532 -> 15208 -> 921302 -> 923590
5,A08-J-522,0,0.0,0.0,0.0,2062.0,0.0,5.5,
6,O78-K-074,40,314.2167080029508,5000.0,1590.700981,2062.0,8.041376,5.0,145171 -> 139187 -> 921035 -> 7521 -> 131335 -> 144631 -> 134143 -> 137381 -> 141727 -> 10538 -> 139542 -> 131336 -> 141028 -> 142542 -> 15209 -> 920300 -> 136942 -> 1118 -> 15252 -> 922557 -> 135579 -> 921675 -> 921003 -> 15249 -> 15251 -> 15206 -> 922202 -> 923700 -> 922636 -> 131248 -> 133703 -> 135717 -> 920968 -> 922121 -> 142857 -> 922773 -> 142677 -> 138087 -> 145229 -> 921824
