vehicle_idx,vehicle_code,n_customers,distance_km,fixed_cost_omega_k,load_weight_kg,cap_weight_kg,load_volume_m3,cap_volume_m3,customer_sequence
0,J92-T-826,7,43.62016032559927,5000.0,863.9606,1058.0,1.9159439999999999,3.15,142857 -> 15251 -> 15328 -> 139007 -> 131768 -> 15204 -> 15206
1,A69-O-649,0,0.0,0.0,0.0,1216.0,0.0,3.15,
2,875-M-523,15,96.7044447088677,5000.0,2229.3900000000003,12509.0,13.860999999999999,20.84,1684 -> 921302 -> 923590 -> 144394 -> 1118 -> 921932 -> 142179 -> 136700 -> 738 -> 134513 -> 141548 -> 15203 -> 923589 -> 141028 -> 1078
3,O76-T-703,20,140.59043303503898,5000.0,1971.9314800000002,7271.0,11.271392,15.5,15250 -> 922773 -> 1892 -> 15208 -> 1408 -> 922121 -> 15253 -> 27 -> 136403 -> 923951 -> 10538 -> 139542 -> 1651 -> 134143 -> 921042 -> 204 -> 168 -> 144631 -> 144680 -> 140493
4,O76-T-702,22,120.3328073923908,5000.0,881.6321909999999,7271.0,5.181064000000001,15.5,145171 -> 7521 -> 454 -> 921824 -> 138650 -> 140023 -> 143115 -> 139187 -> 142542 -> 922075 -> 922805 -> 1016 -> 138277 -> 15027 -> 920300 -> 136942 -> 144561 -> 1676 -> 871 -> 742 -> 740 -> 145229
5,A08-J-522,25,204.89061161092278,5000.0,1068.527,2062.0,5.261,5.5,15207 -> 922557 -> 1644 -> 142677 -> 7935 -> 921127 -> 922910 -> 7945 -> 532 -> 144835 -> 739 -> 131336 -> 7959 -> 15221 -> 141727 -> 137381 -> 1665 -> 923762 -> 478 -> 131335 -> 2038 -> 921035 -> 131470 -> 1687 -> 1387
6,O78-K-074,26,111.4613119566448,5000.0,763.3254250000001,2062.0,3.151708,5.0,743 -> 744 -> 15209 -> 133394 -> 138157 -> 7930 -> 15252 -> 137635 -> 135579 -> 921675 -> 920968 -> 140401 -> 131511 -> 135717 -> 923700 -> 10821 -> 922636 -> 921663 -> 131248 -> 138087 -> 133703 -> 133688 -> 921336 -> 921003 -> 15249 -> 922202
