vehicle_idx,vehicle_code,n_customers,distance_km,fixed_cost_omega_k,load_weight_kg,cap_weight_kg,load_volume_m3,cap_volume_m3,customer_sequence
0,J92-T-826,0,0.0,0.0,0.0,1058.0,0.0,3.15,
1,A69-O-649,29,276.75650326045604,5000.0,1461.9511949999996,1216.0,4.662552,4.0,1080 -> 1346 -> 136298 -> 740 -> 920118 -> 921561 -> 1938 -> 144285 -> 138089 -> 15206 -> 15250 -> 142817 -> 136088 -> 15247 -> 15249 -> 920241 -> 145260 -> 1031 -> 144810 -> 921090 -> 137380 -> 138643 -> 920105 -> 922087 -> 133537 -> 352 -> 921969 -> 1805 -> 1078
2,875-M-523,29,380.490680262618,5000.0,4887.4016405,12509.0,21.45752,20.84,742 -> 141516 -> 15209 -> 143063 -> 923132 -> 139814 -> 923817 -> 140975 -> 138579 -> 136174 -> 923163 -> 131246 -> 923033 -> 142873 -> 1007 -> 137599 -> 920532 -> 10564 -> 138929 -> 924068 -> 920120 -> 138642 -> 140883 -> 1973 -> 139927 -> 143271 -> 922636 -> 139007 -> 137731
3,O76-T-703,0,0.0,0.0,0.0,7271.0,0.0,15.5,
4,O76-T-702,0,0.0,0.0,0.0,7271.0,0.0,15.5,
5,A08-J-522,32,260.98954623746357,5000.0,1984.532004,2062.0,6.219604,5.5,15020 -> 15328 -> 138315 -> 137663 -> 9 -> 139925 -> 1619 -> 586 -> 320 -> 139129 -> 7585 -> 138343 -> 921453 -> 992 -> 141650 -> 920284 -> 137662 -> 920208 -> 15252 -> 1886 -> 360 -> 923731 -> 135890 -> 587 -> 139984 -> 1487 -> 141004 -> 7572 -> 1709 -> 136525 -> 760 -> 139709
6,O78-K-074,29,400.9876272667059,5000.0,1472.9457065000001,2062.0,5.4933879999999995,5.0,7525 -> 15026 -> 15202 -> 136297 -> 1173 -> 136524 -> 923922 -> 142832 -> 10825 -> 990 -> 137634 -> 133290 -> 15251 -> 15253 -> 131242 -> 921523 -> 136885 -> 921607 -> 307 -> 920597 -> 15189 -> 920497 -> 15021 -> 142634 -> 144284 -> 140114 -> 921615 -> 923634 -> 137667
7,T14-E-264,0,0.0,0.0,0.0,1754.0,0.0,8.02,
