vehicle_idx,vehicle_code,n_customers,distance_km,fixed_cost_omega_k,load_weight_kg,cap_weight_kg,load_volume_m3,cap_volume_m3,customer_sequence
0,J92-T-826,5,39.81727585363535,500.0,462.35900000000004,1058.0,3.1959999999999997,3.15,138097 -> 923591 -> 135579 -> 138088 -> 922957
1,A69-O-649,22,89.30165139694404,500.0,459.6719999999999,1216.0,3.1270000000000002,3.15,131244 -> 1082 -> 1084 -> 922004 -> 1096 -> 1356 -> 139097 -> 1374 -> 10706 -> 922526 -> 923183 -> 132580 -> 219 -> 398 -> 136498 -> 144653 -> 142995 -> 133291 -> 131249 -> 921276 -> 1186 -> 131762
2,875-M-523,7,64.40760090144963,500.0,4839.244999999999,12509.0,20.872,20.84,131456 -> 132470 -> 1048 -> 1381 -> 1044 -> 7528 -> 1079
3,O76-T-703,19,90.73410068587694,500.0,2648.3819999999996,7271.0,15.493000000000002,15.5,145160 -> 1487 -> 144279 -> 139534 -> 156 -> 1047 -> 15025 -> 920697 -> 922169 -> 922170 -> 7634 -> 2091 -> 922033 -> 920296 -> 137232 -> 137731 -> 921302 -> 1199 -> 1805
4,O76-T-702,15,201.13337902844538,500.0,1063.4109999999998,7271.0,5.7299999999999995,15.5,1078 -> 131271 -> 920619 -> 923209 -> 922090 -> 921437 -> 921745 -> 923863 -> 526 -> 15200 -> 547 -> 145190 -> 136139 -> 920105 -> 923686
5,A08-J-522,16,50.42517069142488,500.0,1233.745,2062.0,5.281000000000001,5.5,131243 -> 131246 -> 135499 -> 15205 -> 138096 -> 1439 -> 132462 -> 923413 -> 1324 -> 921372 -> 138093 -> 922863 -> 990 -> 1418 -> 15328 -> 131241
6,O78-K-074,17,204.66048421695356,500.0,885.628,2062.0,4.38,5.0,15022 -> 145259 -> 1281 -> 138095 -> 1774 -> 1584 -> 920359 -> 136590 -> 138766 -> 135850 -> 1480 -> 144817 -> 136201 -> 118 -> 131717 -> 137665 -> 1080
