vehicle_idx,vehicle_code,n_customers,distance_km,fixed_cost_omega_k,load_weight_kg,cap_weight_kg,load_volume_m3,cap_volume_m3,customer_sequence
0,J92-T-826,0,0.0,0.0,0.0,1058.0,0.0,3.15,
1,A69-O-649,20,87.62577707376623,5000.0,572.0269999999999,1216.0,3.0730000000000004,3.15,131244 -> 1805 -> 1082 -> 1084 -> 131246 -> 144279 -> 1096 -> 1356 -> 1048 -> 139097 -> 10706 -> 922526 -> 923183 -> 156 -> 132580 -> 219 -> 398 -> 136498 -> 144653 -> 131762
2,875-M-523,13,222.98538702351368,5000.0,5213.956999999999,12509.0,22.544999999999998,20.84,131456 -> 132470 -> 920697 -> 922169 -> 922170 -> 136201 -> 144817 -> 135850 -> 118 -> 1584 -> 1774 -> 131717 -> 7528
3,O76-T-703,17,87.47466885721713,5000.0,2397.719,7271.0,15.569,15.5,1079 -> 1199 -> 921302 -> 137731 -> 920296 -> 922033 -> 2091 -> 7634 -> 1047 -> 15025 -> 1044 -> 1374 -> 1381 -> 139534 -> 145160 -> 923686 -> 922957
4,O76-T-702,16,204.6844216508271,5000.0,1394.671,7271.0,6.464,15.5,1078 -> 131271 -> 920619 -> 923209 -> 922090 -> 921437 -> 921745 -> 923863 -> 526 -> 15200 -> 547 -> 145190 -> 136139 -> 920105 -> 922004 -> 1487
5,A08-J-522,20,47.38040090078578,5000.0,1227.6009999999999,2062.0,5.424999999999999,5.5,131243 -> 135499 -> 15205 -> 133291 -> 142995 -> 138096 -> 132462 -> 923413 -> 1324 -> 921372 -> 137232 -> 138093 -> 922863 -> 990 -> 131249 -> 1418 -> 921276 -> 15328 -> 1186 -> 131241
6,O78-K-074,15,202.96821151600346,5000.0,786.467,2062.0,5.003,5.0,1080 -> 137665 -> 920359 -> 136590 -> 138766 -> 1480 -> 138095 -> 1439 -> 138097 -> 1281 -> 135579 -> 15022 -> 138088 -> 923591 -> 145259
