agent,best_objective_fx,best_penalties,best_penalized,friend_imports,friend_improvements
genetic,36367.3948222062,2831.555863903337,39198.95068610954,0.0,0.0
annealing,30853.118867022113,53.510493677327936,30906.62936069944,1.0,0.0
tabu,30869.091440474167,50.90252794483733,30919.993968419003,2.0,1.0
global_best,30853.118867022113,53.510493677327936,30906.62936069944,,
